episode,step,episodic reward,success rate,episodic length
0,5,-1,0.0,5
0,10,-1,0.0,10
0,15,-1,0.0,15
0,20,-1,0.0,20
0,25,-1,0.0,25
0,30,-1,0.0,30
0,35,-1,0.0,35
0,40,-1,0.0,40
0,45,-1,0.0,45
0,50,-1,0.0,50
0,55,-1,0.0,55
0,60,-1,0.0,60
0,65,-1,0.0,65
0,70,-1,0.0,70
0,75,-1,0.0,75
0,80,-1,0.0,80
0,85,-1,0.0,85
0,90,-1,0.0,90
0,95,-1,0.0,95
0,100,-1,0.0,100
0,105,-1,0.0,105
0,110,-1,0.0,110
0,115,-1,0.0,115
0,120,-1,0.0,120
0,125,-1,0.0,125
0,130,-1,0.0,130
0,135,-1,0.0,135
0,140,-1,0.0,140
0,145,-1,0.0,145
0,150,-1,0.0,150
0,155,-1,0.0,155
0,160,-1,0.0,160
0,165,-1,0.0,165
0,170,-1,0.0,170
0,175,-1,0.0,175
0,180,-1,0.0,180
0,185,-1,0.0,185
0,190,-1,0.0,190
0,195,-1,0.0,195
1,200,1.963554590708066,0.05,2
1,205,1.963554590708066,0.05,7
1,210,1.963554590708066,0.05,12
1,215,1.963554590708066,0.05,17
1,220,1.963554590708066,0.05,22
1,225,1.963554590708066,0.05,27
1,230,1.963554590708066,0.05,32
1,235,1.963554590708066,0.05,37
1,240,1.963554590708066,0.05,42
1,245,1.963554590708066,0.05,47
1,250,1.963554590708066,0.05,52
1,255,1.963554590708066,0.05,57
1,260,1.963554590708066,0.05,62
1,265,1.963554590708066,0.05,67
1,270,1.963554590708066,0.05,72
1,275,1.963554590708066,0.05,77
1,280,1.963554590708066,0.05,82
1,285,1.963554590708066,0.05,87
1,290,1.963554590708066,0.05,92
1,295,1.963554590708066,0.05,97
1,300,1.963554590708066,0.05,102
1,305,1.963554590708066,0.05,107
1,310,1.963554590708066,0.05,112
1,315,1.963554590708066,0.05,117
1,320,1.963554590708066,0.05,122
1,325,1.963554590708066,0.05,127
1,330,1.963554590708066,0.05,132
1,335,1.963554590708066,0.05,137
1,340,1.963554590708066,0.05,142
1,345,1.963554590708066,0.05,147
1,350,1.963554590708066,0.05,152
1,355,1.963554590708066,0.05,157
1,360,1.963554590708066,0.05,162
1,365,1.963554590708066,0.05,167
1,370,1.963554590708066,0.05,172
1,375,1.963554590708066,0.05,177
1,380,1.963554590708066,0.05,182
1,385,1.963554590708066,0.05,187
1,390,1.963554590708066,0.05,192
1,395,1.963554590708066,0.05,197
1,400,1.963554590708066,0.05,202
1,405,1.963554590708066,0.05,207
1,410,1.963554590708066,0.05,212
1,415,1.963554590708066,0.05,217
1,420,1.963554590708066,0.05,222
2,425,1.0176814821345765,0.05,4
2,430,1.0176814821345765,0.05,9
2,435,1.0176814821345765,0.05,14
2,440,1.0176814821345765,0.05,19
2,445,1.0176814821345765,0.05,24
3,450,-0.7933655013987659,0.05,1
3,455,-0.7933655013987659,0.05,6
3,460,-0.7933655013987659,0.05,11
3,465,-0.7933655013987659,0.05,16
3,470,-0.7933655013987659,0.05,21
3,475,-0.7933655013987659,0.05,26
3,480,-0.7933655013987659,0.05,31
3,485,-0.7933655013987659,0.05,36
3,490,-0.7933655013987659,0.05,41
3,495,-0.7933655013987659,0.05,46
3,500,-0.7933655013987659,0.05,51
3,505,-0.7933655013987659,0.05,56
3,510,-0.7933655013987659,0.05,61
3,515,-0.7933655013987659,0.05,66
3,520,-0.7933655013987659,0.05,71
3,525,-0.7933655013987659,0.05,76
3,530,-0.7933655013987659,0.05,81
3,535,-0.7933655013987659,0.05,86
3,540,-0.7933655013987659,0.05,91
3,545,-0.7933655013987659,0.05,96
3,550,-0.7933655013987659,0.05,101
3,555,-0.7933655013987659,0.05,106
3,560,-0.7933655013987659,0.05,111
3,565,-0.7933655013987659,0.05,116
3,570,-0.7933655013987659,0.05,121
3,575,-0.7933655013987659,0.05,126
3,580,-0.7933655013987659,0.05,131
3,585,-0.7933655013987659,0.05,136
3,590,-0.7933655013987659,0.05,141
3,595,-0.7933655013987659,0.05,146
3,600,-0.7933655013987659,0.05,151
3,605,-0.7933655013987659,0.05,156
3,610,-0.7933655013987659,0.05,161
3,615,-0.7933655013987659,0.05,166
3,620,-0.7933655013987659,0.05,171
3,625,-0.7933655013987659,0.05,176
3,630,-0.7933655013987659,0.05,181
3,635,-0.7933655013987659,0.05,186
3,640,-0.7933655013987659,0.05,191
3,645,-0.7933655013987659,0.05,196
3,650,-0.7933655013987659,0.05,201
4,655,1.9611100788281584,0.1,2
4,660,1.9611100788281584,0.1,7
4,665,1.9611100788281584,0.1,12
4,670,1.9611100788281584,0.1,17
4,675,1.9611100788281584,0.1,22
5,680,-0.8105877202092207,0.1,1
5,685,-0.8105877202092207,0.1,6
5,690,-0.8105877202092207,0.1,11
5,695,-0.8105877202092207,0.1,16
5,700,-0.8105877202092207,0.1,21
5,705,-0.8105877202092207,0.1,26
5,710,-0.8105877202092207,0.1,31
5,715,-0.8105877202092207,0.1,36
5,720,-0.8105877202092207,0.1,41
5,725,-0.8105877202092207,0.1,46
5,730,-0.8105877202092207,0.1,51
5,735,-0.8105877202092207,0.1,56
5,740,-0.8105877202092207,0.1,61
5,745,-0.8105877202092207,0.1,66
5,750,-0.8105877202092207,0.1,71
5,755,-0.8105877202092207,0.1,76
5,760,-0.8105877202092207,0.1,81
5,765,-0.8105877202092207,0.1,86
5,770,-0.8105877202092207,0.1,91
5,775,-0.8105877202092207,0.1,96
5,780,-0.8105877202092207,0.1,101
5,785,-0.8105877202092207,0.1,106
5,790,-0.8105877202092207,0.1,111
5,795,-0.8105877202092207,0.1,116
5,800,-0.8105877202092207,0.1,121
5,805,-0.8105877202092207,0.1,126
5,810,-0.8105877202092207,0.1,131
5,815,-0.8105877202092207,0.1,136
5,820,-0.8105877202092207,0.1,141
5,825,-0.8105877202092207,0.1,146
5,830,-0.8105877202092207,0.1,151
5,835,-0.8105877202092207,0.1,156
5,840,-0.8105877202092207,0.1,161
5,845,-0.8105877202092207,0.1,166
5,850,-0.8105877202092207,0.1,171
5,855,-0.8105877202092207,0.1,176
5,860,-0.8105877202092207,0.1,181
5,865,-0.8105877202092207,0.1,186
5,870,-0.8105877202092207,0.1,191
5,875,-0.8105877202092207,0.1,196
5,880,-0.8105877202092207,0.1,201
6,885,1.0173489797513482,0.1,2
6,890,1.0173489797513482,0.1,7
6,895,1.0173489797513482,0.1,12
6,900,1.0173489797513482,0.1,17
6,905,1.0173489797513482,0.1,22
6,910,1.0173489797513482,0.1,27
6,915,1.0173489797513482,0.1,32
6,920,1.0173489797513482,0.1,37
6,925,1.0173489797513482,0.1,42
6,930,1.0173489797513482,0.1,47
6,935,1.0173489797513482,0.1,52
6,940,1.0173489797513482,0.1,57
6,945,1.0173489797513482,0.1,62
6,950,1.0173489797513482,0.1,67
6,955,1.0173489797513482,0.1,72
6,960,1.0173489797513482,0.1,77
6,965,1.0173489797513482,0.1,82
6,970,1.0173489797513482,0.1,87
6,975,1.0173489797513482,0.1,92
6,980,1.0173489797513482,0.1,97
6,985,1.0173489797513482,0.1,102
6,990,1.0173489797513482,0.1,107
6,995,1.0173489797513482,0.1,112
6,1000,1.0173489797513482,0.1,117
6,1005,1.0173489797513482,0.1,122
6,1010,1.0173489797513482,0.1,127
6,1015,1.0173489797513482,0.1,132
6,1020,1.0173489797513482,0.1,137
6,1025,1.0173489797513482,0.1,142
6,1030,1.0173489797513482,0.1,147
6,1035,1.0173489797513482,0.1,152
6,1040,1.0173489797513482,0.1,157
6,1045,1.0173489797513482,0.1,162
6,1050,1.0173489797513482,0.1,167
6,1055,1.0173489797513482,0.1,172
6,1060,1.0173489797513482,0.1,177
6,1065,1.0173489797513482,0.1,182
6,1070,1.0173489797513482,0.1,187
6,1075,1.0173489797513482,0.1,192
6,1080,1.0173489797513482,0.1,197
7,1085,1.961627693768448,0.15,5
7,1090,1.961627693768448,0.15,10
7,1095,1.961627693768448,0.15,15
7,1100,1.961627693768448,0.15,20
7,1105,1.961627693768448,0.15,25
7,1110,1.961627693768448,0.15,30
8,1115,-0.7754012586512408,0.15,3
8,1120,-0.7754012586512408,0.15,8
8,1125,-0.7754012586512408,0.15,13
8,1130,-0.7754012586512408,0.15,18
8,1135,-0.7754012586512408,0.15,23
9,1140,-0.8116846698755364,0.15,2
9,1145,-0.8116846698755364,0.15,7
9,1150,-0.8116846698755364,0.15,12
9,1155,-0.8116846698755364,0.15,17
9,1160,-0.8116846698755364,0.15,22
9,1165,-0.8116846698755364,0.15,27
9,1170,-0.8116846698755364,0.15,32
9,1175,-0.8116846698755364,0.15,37
9,1180,-0.8116846698755364,0.15,42
9,1185,-0.8116846698755364,0.15,47
9,1190,-0.8116846698755364,0.15,52
9,1195,-0.8116846698755364,0.15,57
9,1200,-0.8116846698755364,0.15,62
9,1205,-0.8116846698755364,0.15,67
9,1210,-0.8116846698755364,0.15,72
9,1215,-0.8116846698755364,0.15,77
9,1220,-0.8116846698755364,0.15,82
9,1225,-0.8116846698755364,0.15,87
9,1230,-0.8116846698755364,0.15,92
9,1235,-0.8116846698755364,0.15,97
9,1240,-0.8116846698755364,0.15,102
9,1245,-0.8116846698755364,0.15,107
9,1250,-0.8116846698755364,0.15,112
9,1255,-0.8116846698755364,0.15,117
9,1260,-0.8116846698755364,0.15,122
9,1265,-0.8116846698755364,0.15,127
9,1270,-0.8116846698755364,0.15,132
9,1275,-0.8116846698755364,0.15,137
9,1280,-0.8116846698755364,0.15,142
9,1285,-0.8116846698755364,0.15,147
9,1290,-0.8116846698755364,0.15,152
9,1295,-0.8116846698755364,0.15,157
9,1300,-0.8116846698755364,0.15,162
9,1305,-0.8116846698755364,0.15,167
9,1310,-0.8116846698755364,0.15,172
9,1315,-0.8116846698755364,0.15,177
9,1320,-0.8116846698755364,0.15,182
9,1325,-0.8116846698755364,0.15,187
9,1330,-0.8116846698755364,0.15,192
9,1335,-0.8116846698755364,0.15,197
9,1340,-0.8116846698755364,0.15,202
10,1345,1.9624038845028893,0.2,1
10,1350,1.9624038845028893,0.2,6
10,1355,1.9624038845028893,0.2,11
10,1360,1.9624038845028893,0.2,16
10,1365,1.9624038845028893,0.2,21
10,1370,1.9624038845028893,0.2,26
10,1375,1.9624038845028893,0.2,31
10,1380,1.9624038845028893,0.2,36
10,1385,1.9624038845028893,0.2,41
10,1390,1.9624038845028893,0.2,46
10,1395,1.9624038845028893,0.2,51
10,1400,1.9624038845028893,0.2,56
10,1405,1.9624038845028893,0.2,61
10,1410,1.9624038845028893,0.2,66
10,1415,1.9624038845028893,0.2,71
10,1420,1.9624038845028893,0.2,76
10,1425,1.9624038845028893,0.2,81
10,1430,1.9624038845028893,0.2,86
10,1435,1.9624038845028893,0.2,91
10,1440,1.9624038845028893,0.2,96
10,1445,1.9624038845028893,0.2,101
10,1450,1.9624038845028893,0.2,106
10,1455,1.9624038845028893,0.2,111
10,1460,1.9624038845028893,0.2,116
10,1465,1.9624038845028893,0.2,121
10,1470,1.9624038845028893,0.2,126
10,1475,1.9624038845028893,0.2,131
10,1480,1.9624038845028893,0.2,136
10,1485,1.9624038845028893,0.2,141
10,1490,1.9624038845028893,0.2,146
10,1495,1.9624038845028893,0.2,151
10,1500,1.9624038845028893,0.2,156
10,1505,1.9624038845028893,0.2,161
10,1510,1.9624038845028893,0.2,166
10,1515,1.9624038845028893,0.2,171
10,1520,1.9624038845028893,0.2,176
10,1525,1.9624038845028893,0.2,181
10,1530,1.9624038845028893,0.2,186
10,1535,1.9624038845028893,0.2,191
10,1540,1.9624038845028893,0.2,196
10,1545,1.9624038845028893,0.2,201
11,1550,1.0185647076864328,0.2,1
11,1555,1.0185647076864328,0.2,6
11,1560,1.0185647076864328,0.2,11
11,1565,1.0185647076864328,0.2,16
11,1570,1.0185647076864328,0.2,21
11,1575,1.0185647076864328,0.2,26
11,1580,1.0185647076864328,0.2,31
11,1585,1.0185647076864328,0.2,36
11,1590,1.0185647076864328,0.2,41
11,1595,1.0185647076864328,0.2,46
11,1600,1.0185647076864328,0.2,51
11,1605,1.0185647076864328,0.2,56
11,1610,1.0185647076864328,0.2,61
11,1615,1.0185647076864328,0.2,66
11,1620,1.0185647076864328,0.2,71
11,1625,1.0185647076864328,0.2,76
11,1630,1.0185647076864328,0.2,81
11,1635,1.0185647076864328,0.2,86
11,1640,1.0185647076864328,0.2,91
11,1645,1.0185647076864328,0.2,96
11,1650,1.0185647076864328,0.2,101
11,1655,1.0185647076864328,0.2,106
11,1660,1.0185647076864328,0.2,111
11,1665,1.0185647076864328,0.2,116
11,1670,1.0185647076864328,0.2,121
11,1675,1.0185647076864328,0.2,126
11,1680,1.0185647076864328,0.2,131
11,1685,1.0185647076864328,0.2,136
11,1690,1.0185647076864328,0.2,141
11,1695,1.0185647076864328,0.2,146
11,1700,1.0185647076864328,0.2,151
11,1705,1.0185647076864328,0.2,156
11,1710,1.0185647076864328,0.2,161
11,1715,1.0185647076864328,0.2,166
11,1720,1.0185647076864328,0.2,171
11,1725,1.0185647076864328,0.2,176
11,1730,1.0185647076864328,0.2,181
11,1735,1.0185647076864328,0.2,186
11,1740,1.0185647076864328,0.2,191
11,1745,1.0185647076864328,0.2,196
12,1750,1.9610468184940546,0.25,5
12,1755,1.9610468184940546,0.25,10
12,1760,1.9610468184940546,0.25,15
12,1765,1.9610468184940546,0.25,20
12,1770,1.9610468184940546,0.25,25
12,1775,1.9610468184940546,0.25,30
12,1780,1.9610468184940546,0.25,35
12,1785,1.9610468184940546,0.25,40
12,1790,1.9610468184940546,0.25,45
12,1795,1.9610468184940546,0.25,50
12,1800,1.9610468184940546,0.25,55
12,1805,1.9610468184940546,0.25,60
12,1810,1.9610468184940546,0.25,65
12,1815,1.9610468184940546,0.25,70
12,1820,1.9610468184940546,0.25,75
12,1825,1.9610468184940546,0.25,80
12,1830,1.9610468184940546,0.25,85
12,1835,1.9610468184940546,0.25,90
12,1840,1.9610468184940546,0.25,95
12,1845,1.9610468184940546,0.25,100
12,1850,1.9610468184940546,0.25,105
12,1855,1.9610468184940546,0.25,110
12,1860,1.9610468184940546,0.25,115
12,1865,1.9610468184940546,0.25,120
12,1870,1.9610468184940546,0.25,125
12,1875,1.9610468184940546,0.25,130
12,1880,1.9610468184940546,0.25,135
12,1885,1.9610468184940546,0.25,140
12,1890,1.9610468184940546,0.25,145
12,1895,1.9610468184940546,0.25,150
12,1900,1.9610468184940546,0.25,155
12,1905,1.9610468184940546,0.25,160
12,1910,1.9610468184940546,0.25,165
12,1915,1.9610468184940546,0.25,170
12,1920,1.9610468184940546,0.25,175
12,1925,1.9610468184940546,0.25,180
12,1930,1.9610468184940546,0.25,185
12,1935,1.9610468184940546,0.25,190
12,1940,1.9610468184940546,0.25,195
13,1945,1.9377374502260294,0.3,4
13,1950,1.9377374502260294,0.3,9
13,1955,1.9377374502260294,0.3,14
13,1960,1.9377374502260294,0.3,19
13,1965,1.9377374502260294,0.3,24
13,1970,1.9377374502260294,0.3,29
13,1975,1.9377374502260294,0.3,34
13,1980,1.9377374502260294,0.3,39
13,1985,1.9377374502260294,0.3,44
13,1990,1.9377374502260294,0.3,49
13,1995,1.9377374502260294,0.3,54
13,2000,1.9377374502260294,0.3,59
13,2005,1.9377374502260294,0.3,64
13,2010,1.9377374502260294,0.3,69
13,2015,1.9377374502260294,0.3,74
13,2020,1.9377374502260294,0.3,79
13,2025,1.9377374502260294,0.3,84
13,2030,1.9377374502260294,0.3,89
13,2035,1.9377374502260294,0.3,94
13,2040,1.9377374502260294,0.3,99
13,2045,1.9377374502260294,0.3,104
13,2050,1.9377374502260294,0.3,109
13,2055,1.9377374502260294,0.3,114
13,2060,1.9377374502260294,0.3,119
13,2065,1.9377374502260294,0.3,124
13,2070,1.9377374502260294,0.3,129
13,2075,1.9377374502260294,0.3,134
13,2080,1.9377374502260294,0.3,139
13,2085,1.9377374502260294,0.3,144
13,2090,1.9377374502260294,0.3,149
13,2095,1.9377374502260294,0.3,154
13,2100,1.9377374502260294,0.3,159
13,2105,1.9377374502260294,0.3,164
13,2110,1.9377374502260294,0.3,169
13,2115,1.9377374502260294,0.3,174
13,2120,1.9377374502260294,0.3,179
13,2125,1.9377374502260294,0.3,184
14,2130,1.9585056928019728,0.35,4
14,2135,1.9585056928019728,0.35,9
14,2140,1.9585056928019728,0.35,14
14,2145,1.9585056928019728,0.35,19
14,2150,1.9585056928019728,0.35,24
14,2155,1.9585056928019728,0.35,29
14,2160,1.9585056928019728,0.35,34
14,2165,1.9585056928019728,0.35,39
14,2170,1.9585056928019728,0.35,44
14,2175,1.9585056928019728,0.35,49
14,2180,1.9585056928019728,0.35,54
14,2185,1.9585056928019728,0.35,59
14,2190,1.9585056928019728,0.35,64
14,2195,1.9585056928019728,0.35,69
14,2200,1.9585056928019728,0.35,74
14,2205,1.9585056928019728,0.35,79
14,2210,1.9585056928019728,0.35,84
14,2215,1.9585056928019728,0.35,89
14,2220,1.9585056928019728,0.35,94
14,2225,1.9585056928019728,0.35,99
14,2230,1.9585056928019728,0.35,104
14,2235,1.9585056928019728,0.35,109
14,2240,1.9585056928019728,0.35,114
14,2245,1.9585056928019728,0.35,119
14,2250,1.9585056928019728,0.35,124
14,2255,1.9585056928019728,0.35,129
14,2260,1.9585056928019728,0.35,134
14,2265,1.9585056928019728,0.35,139
14,2270,1.9585056928019728,0.35,144
14,2275,1.9585056928019728,0.35,149
14,2280,1.9585056928019728,0.35,154
14,2285,1.9585056928019728,0.35,159
14,2290,1.9585056928019728,0.35,164
14,2295,1.9585056928019728,0.35,169
14,2300,1.9585056928019728,0.35,174
14,2305,1.9585056928019728,0.35,179
14,2310,1.9585056928019728,0.35,184
15,2315,1.9636824022190464,0.4,1
15,2320,1.9636824022190464,0.4,6
15,2325,1.9636824022190464,0.4,11
15,2330,1.9636824022190464,0.4,16
15,2335,1.9636824022190464,0.4,21
15,2340,1.9636824022190464,0.4,26
15,2345,1.9636824022190464,0.4,31
15,2350,1.9636824022190464,0.4,36
15,2355,1.9636824022190464,0.4,41
15,2360,1.9636824022190464,0.4,46
15,2365,1.9636824022190464,0.4,51
15,2370,1.9636824022190464,0.4,56
15,2375,1.9636824022190464,0.4,61
15,2380,1.9636824022190464,0.4,66
15,2385,1.9636824022190464,0.4,71
15,2390,1.9636824022190464,0.4,76
15,2395,1.9636824022190464,0.4,81
15,2400,1.9636824022190464,0.4,86
15,2405,1.9636824022190464,0.4,91
15,2410,1.9636824022190464,0.4,96
15,2415,1.9636824022190464,0.4,101
15,2420,1.9636824022190464,0.4,106
15,2425,1.9636824022190464,0.4,111
15,2430,1.9636824022190464,0.4,116
15,2435,1.9636824022190464,0.4,121
15,2440,1.9636824022190464,0.4,126
15,2445,1.9636824022190464,0.4,131
15,2450,1.9636824022190464,0.4,136
15,2455,1.9636824022190464,0.4,141
15,2460,1.9636824022190464,0.4,146
15,2465,1.9636824022190464,0.4,151
15,2470,1.9636824022190464,0.4,156
15,2475,1.9636824022190464,0.4,161
15,2480,1.9636824022190464,0.4,166
15,2485,1.9636824022190464,0.4,171
15,2490,1.9636824022190464,0.4,176
15,2495,1.9636824022190464,0.4,181
15,2500,1.9636824022190464,0.4,186
15,2505,1.9636824022190464,0.4,191
15,2510,1.9636824022190464,0.4,196
15,2515,1.9636824022190464,0.4,201
15,2520,1.9636824022190464,0.4,206
15,2525,1.9636824022190464,0.4,211
15,2530,1.9636824022190464,0.4,216
15,2535,1.9636824022190464,0.4,221
15,2540,1.9636824022190464,0.4,226
15,2545,1.9636824022190464,0.4,231
15,2550,1.9636824022190464,0.4,236
16,2555,1.0192284477398401,0.4,3
16,2560,1.0192284477398401,0.4,8
16,2565,1.0192284477398401,0.4,13
16,2570,1.0192284477398401,0.4,18
16,2575,1.0192284477398401,0.4,23
16,2580,1.0192284477398401,0.4,28
16,2585,1.0192284477398401,0.4,33
16,2590,1.0192284477398401,0.4,38
16,2595,1.0192284477398401,0.4,43
16,2600,1.0192284477398401,0.4,48
16,2605,1.0192284477398401,0.4,53
16,2610,1.0192284477398401,0.4,58
16,2615,1.0192284477398401,0.4,63
16,2620,1.0192284477398401,0.4,68
16,2625,1.0192284477398401,0.4,73
16,2630,1.0192284477398401,0.4,78
16,2635,1.0192284477398401,0.4,83
16,2640,1.0192284477398401,0.4,88
16,2645,1.0192284477398401,0.4,93
16,2650,1.0192284477398401,0.4,98
16,2655,1.0192284477398401,0.4,103
16,2660,1.0192284477398401,0.4,108
16,2665,1.0192284477398401,0.4,113
16,2670,1.0192284477398401,0.4,118
16,2675,1.0192284477398401,0.4,123
16,2680,1.0192284477398401,0.4,128
16,2685,1.0192284477398401,0.4,133
16,2690,1.0192284477398401,0.4,138
16,2695,1.0192284477398401,0.4,143
16,2700,1.0192284477398401,0.4,148
16,2705,1.0192284477398401,0.4,153
16,2710,1.0192284477398401,0.4,158
16,2715,1.0192284477398401,0.4,163
16,2720,1.0192284477398401,0.4,168
16,2725,1.0192284477398401,0.4,173
16,2730,1.0192284477398401,0.4,178
16,2735,1.0192284477398401,0.4,183
16,2740,1.0192284477398401,0.4,188
16,2745,1.0192284477398401,0.4,193
16,2750,1.0192284477398401,0.4,198
16,2755,1.0192284477398401,0.4,203
16,2760,1.0192284477398401,0.4,208
16,2765,1.0192284477398401,0.4,213
16,2770,1.0192284477398401,0.4,218
16,2775,1.0192284477398401,0.4,223
16,2780,1.0192284477398401,0.4,228
16,2785,1.0192284477398401,0.4,233
17,2790,1.9388679326958074,0.45,4
17,2795,1.9388679326958074,0.45,9
17,2800,1.9388679326958074,0.45,14
17,2805,1.9388679326958074,0.45,19
17,2810,1.9388679326958074,0.45,24
17,2815,1.9388679326958074,0.45,29
17,2820,1.9388679326958074,0.45,34
17,2825,1.9388679326958074,0.45,39
17,2830,1.9388679326958074,0.45,44
17,2835,1.9388679326958074,0.45,49
17,2840,1.9388679326958074,0.45,54
17,2845,1.9388679326958074,0.45,59
17,2850,1.9388679326958074,0.45,64
17,2855,1.9388679326958074,0.45,69
17,2860,1.9388679326958074,0.45,74
17,2865,1.9388679326958074,0.45,79
17,2870,1.9388679326958074,0.45,84
17,2875,1.9388679326958074,0.45,89
17,2880,1.9388679326958074,0.45,94
17,2885,1.9388679326958074,0.45,99
17,2890,1.9388679326958074,0.45,104
17,2895,1.9388679326958074,0.45,109
17,2900,1.9388679326958074,0.45,114
17,2905,1.9388679326958074,0.45,119
17,2910,1.9388679326958074,0.45,124
17,2915,1.9388679326958074,0.45,129
17,2920,1.9388679326958074,0.45,134
17,2925,1.9388679326958074,0.45,139
17,2930,1.9388679326958074,0.45,144
17,2935,1.9388679326958074,0.45,149
17,2940,1.9388679326958074,0.45,154
17,2945,1.9388679326958074,0.45,159
17,2950,1.9388679326958074,0.45,164
17,2955,1.9388679326958074,0.45,169
17,2960,1.9388679326958074,0.45,174
17,2965,1.9388679326958074,0.45,179
17,2970,1.9388679326958074,0.45,184
17,2975,1.9388679326958074,0.45,189
17,2980,1.9388679326958074,0.45,194
17,2985,1.9388679326958074,0.45,199
17,2990,1.9388679326958074,0.45,204
17,2995,1.9388679326958074,0.45,209
17,3000,1.9388679326958074,0.45,214
17,3005,1.9388679326958074,0.45,219
17,3010,1.9388679326958074,0.45,224
18,3015,1.9637736928345073,0.5,2
18,3020,1.9637736928345073,0.5,7
18,3025,1.9637736928345073,0.5,12
18,3030,1.9637736928345073,0.5,17
18,3035,1.9637736928345073,0.5,22
18,3040,1.9637736928345073,0.5,27
18,3045,1.9637736928345073,0.5,32
18,3050,1.9637736928345073,0.5,37
18,3055,1.9637736928345073,0.5,42
18,3060,1.9637736928345073,0.5,47
18,3065,1.9637736928345073,0.5,52
18,3070,1.9637736928345073,0.5,57
18,3075,1.9637736928345073,0.5,62
18,3080,1.9637736928345073,0.5,67
18,3085,1.9637736928345073,0.5,72
18,3090,1.9637736928345073,0.5,77
18,3095,1.9637736928345073,0.5,82
18,3100,1.9637736928345073,0.5,87
18,3105,1.9637736928345073,0.5,92
18,3110,1.9637736928345073,0.5,97
18,3115,1.9637736928345073,0.5,102
18,3120,1.9637736928345073,0.5,107
18,3125,1.9637736928345073,0.5,112
18,3130,1.9637736928345073,0.5,117
18,3135,1.9637736928345073,0.5,122
18,3140,1.9637736928345073,0.5,127
18,3145,1.9637736928345073,0.5,132
18,3150,1.9637736928345073,0.5,137
18,3155,1.9637736928345073,0.5,142
18,3160,1.9637736928345073,0.5,147
18,3165,1.9637736928345073,0.5,152
18,3170,1.9637736928345073,0.5,157
18,3175,1.9637736928345073,0.5,162
18,3180,1.9637736928345073,0.5,167
18,3185,1.9637736928345073,0.5,172
18,3190,1.9637736928345073,0.5,177
18,3195,1.9637736928345073,0.5,182
18,3200,1.9637736928345073,0.5,187
18,3205,1.9637736928345073,0.5,192
18,3210,1.9637736928345073,0.5,197
18,3215,1.9637736928345073,0.5,202
18,3220,1.9637736928345073,0.5,207
18,3225,1.9637736928345073,0.5,212
18,3230,1.9637736928345073,0.5,217
18,3235,1.9637736928345073,0.5,222
18,3240,1.9637736928345073,0.5,227
18,3245,1.9637736928345073,0.5,232
18,3250,1.9637736928345073,0.5,237
18,3255,1.9637736928345073,0.5,242
18,3260,1.9637736928345073,0.5,247
18,3265,1.9637736928345073,0.5,252
18,3270,1.9637736928345073,0.5,257
18,3275,1.9637736928345073,0.5,262
18,3280,1.9637736928345073,0.5,267
18,3285,1.9637736928345073,0.5,272
18,3290,1.9637736928345073,0.5,277
18,3295,1.9637736928345073,0.5,282
18,3300,1.9637736928345073,0.5,287
19,3305,2.3468855660069083,0.55,1
19,3310,2.3468855660069083,0.55,6
19,3315,2.3468855660069083,0.55,11
19,3320,2.3468855660069083,0.55,16
19,3325,2.3468855660069083,0.55,21
19,3330,2.3468855660069083,0.55,26
19,3335,2.3468855660069083,0.55,31
19,3340,2.3468855660069083,0.55,36
19,3345,2.3468855660069083,0.55,41
19,3350,2.3468855660069083,0.55,46
19,3355,2.3468855660069083,0.55,51
19,3360,2.3468855660069083,0.55,56
19,3365,2.3468855660069083,0.55,61
19,3370,2.3468855660069083,0.55,66
19,3375,2.3468855660069083,0.55,71
19,3380,2.3468855660069083,0.55,76
19,3385,2.3468855660069083,0.55,81
19,3390,2.3468855660069083,0.55,86
19,3395,2.3468855660069083,0.55,91
19,3400,2.3468855660069083,0.55,96
19,3405,2.3468855660069083,0.55,101
19,3410,2.3468855660069083,0.55,106
19,3415,2.3468855660069083,0.55,111
19,3420,2.3468855660069083,0.55,116
19,3425,2.3468855660069083,0.55,121
19,3430,2.3468855660069083,0.55,126
19,3435,2.3468855660069083,0.55,131
19,3440,2.3468855660069083,0.55,136
19,3445,2.3468855660069083,0.55,141
19,3450,2.3468855660069083,0.55,146
19,3455,2.3468855660069083,0.55,151
19,3460,2.3468855660069083,0.55,156
19,3465,2.3468855660069083,0.55,161
19,3470,2.3468855660069083,0.55,166
19,3475,2.3468855660069083,0.55,171
19,3480,2.3468855660069083,0.55,176
19,3485,2.3468855660069083,0.55,181
19,3490,2.3468855660069083,0.55,186
19,3495,2.3468855660069083,0.55,191
19,3500,2.3468855660069083,0.55,196
19,3505,2.3468855660069083,0.55,201
19,3510,2.3468855660069083,0.55,206
19,3515,2.3468855660069083,0.55,211
19,3520,2.3468855660069083,0.55,216
19,3525,2.3468855660069083,0.55,221
19,3530,2.3468855660069083,0.55,226
19,3535,2.3468855660069083,0.55,231
19,3540,2.3468855660069083,0.55,236
19,3545,2.3468855660069083,0.55,241
19,3550,2.3468855660069083,0.55,246
19,3555,2.3468855660069083,0.55,251
19,3560,2.3468855660069083,0.55,256
19,3565,2.3468855660069083,0.55,261
19,3570,2.3468855660069083,0.55,266
19,3575,2.3468855660069083,0.55,271
19,3580,2.3468855660069083,0.55,276
19,3585,2.3468855660069083,0.55,281
19,3590,2.3468855660069083,0.55,286
19,3595,2.3468855660069083,0.55,291
19,3600,2.3468855660069083,0.55,296
19,3605,2.3468855660069083,0.55,301
19,3610,2.3468855660069083,0.55,306
20,3615,2.3377746111151696,0.6,4
20,3620,2.3377746111151696,0.6,9
20,3625,2.3377746111151696,0.6,14
20,3630,2.3377746111151696,0.6,19
20,3635,2.3377746111151696,0.6,24
20,3640,2.3377746111151696,0.6,29
20,3645,2.3377746111151696,0.6,34
20,3650,2.3377746111151696,0.6,39
20,3655,2.3377746111151696,0.6,44
20,3660,2.3377746111151696,0.6,49
20,3665,2.3377746111151696,0.6,54
20,3670,2.3377746111151696,0.6,59
20,3675,2.3377746111151696,0.6,64
20,3680,2.3377746111151696,0.6,69
20,3685,2.3377746111151696,0.6,74
20,3690,2.3377746111151696,0.6,79
20,3695,2.3377746111151696,0.6,84
20,3700,2.3377746111151696,0.6,89
20,3705,2.3377746111151696,0.6,94
20,3710,2.3377746111151696,0.6,99
20,3715,2.3377746111151696,0.6,104
20,3720,2.3377746111151696,0.6,109
20,3725,2.3377746111151696,0.6,114
20,3730,2.3377746111151696,0.6,119
20,3735,2.3377746111151696,0.6,124
20,3740,2.3377746111151696,0.6,129
20,3745,2.3377746111151696,0.6,134
20,3750,2.3377746111151696,0.6,139
20,3755,2.3377746111151696,0.6,144
20,3760,2.3377746111151696,0.6,149
20,3765,2.3377746111151696,0.6,154
20,3770,2.3377746111151696,0.6,159
20,3775,2.3377746111151696,0.6,164
20,3780,2.3377746111151696,0.6,169
20,3785,2.3377746111151696,0.6,174
20,3790,2.3377746111151696,0.6,179
20,3795,2.3377746111151696,0.6,184
20,3800,2.3377746111151696,0.6,189
20,3805,2.3377746111151696,0.6,194
21,3810,1.9637670609540983,0.6,1
21,3815,1.9637670609540983,0.6,6
21,3820,1.9637670609540983,0.6,11
21,3825,1.9637670609540983,0.6,16
21,3830,1.9637670609540983,0.6,21
21,3835,1.9637670609540983,0.6,26
21,3840,1.9637670609540983,0.6,31
21,3845,1.9637670609540983,0.6,36
21,3850,1.9637670609540983,0.6,41
21,3855,1.9637670609540983,0.6,46
21,3860,1.9637670609540983,0.6,51
21,3865,1.9637670609540983,0.6,56
21,3870,1.9637670609540983,0.6,61
21,3875,1.9637670609540983,0.6,66
21,3880,1.9637670609540983,0.6,71
21,3885,1.9637670609540983,0.6,76
21,3890,1.9637670609540983,0.6,81
21,3895,1.9637670609540983,0.6,86
21,3900,1.9637670609540983,0.6,91
21,3905,1.9637670609540983,0.6,96
21,3910,1.9637670609540983,0.6,101
21,3915,1.9637670609540983,0.6,106
21,3920,1.9637670609540983,0.6,111
21,3925,1.9637670609540983,0.6,116
21,3930,1.9637670609540983,0.6,121
21,3935,1.9637670609540983,0.6,126
21,3940,1.9637670609540983,0.6,131
21,3945,1.9637670609540983,0.6,136
21,3950,1.9637670609540983,0.6,141
21,3955,1.9637670609540983,0.6,146
21,3960,1.9637670609540983,0.6,151
21,3965,1.9637670609540983,0.6,156
21,3970,1.9637670609540983,0.6,161
21,3975,1.9637670609540983,0.6,166
21,3980,1.9637670609540983,0.6,171
21,3985,1.9637670609540983,0.6,176
21,3990,1.9637670609540983,0.6,181
21,3995,1.9637670609540983,0.6,186
21,4000,1.9637670609540983,0.6,191
21,4005,1.9637670609540983,0.6,196
21,4010,1.9637670609540983,0.6,201
21,4015,1.9637670609540983,0.6,206
21,4020,1.9637670609540983,0.6,211
21,4025,1.9637670609540983,0.6,216
22,4030,1.0161269192307847,0.6,1
22,4035,1.0161269192307847,0.6,6
22,4040,1.0161269192307847,0.6,11
22,4045,1.0161269192307847,0.6,16
22,4050,1.0161269192307847,0.6,21
22,4055,1.0161269192307847,0.6,26
22,4060,1.0161269192307847,0.6,31
22,4065,1.0161269192307847,0.6,36
22,4070,1.0161269192307847,0.6,41
22,4075,1.0161269192307847,0.6,46
22,4080,1.0161269192307847,0.6,51
22,4085,1.0161269192307847,0.6,56
22,4090,1.0161269192307847,0.6,61
22,4095,1.0161269192307847,0.6,66
22,4100,1.0161269192307847,0.6,71
22,4105,1.0161269192307847,0.6,76
22,4110,1.0161269192307847,0.6,81
22,4115,1.0161269192307847,0.6,86
22,4120,1.0161269192307847,0.6,91
22,4125,1.0161269192307847,0.6,96
22,4130,1.0161269192307847,0.6,101
22,4135,1.0161269192307847,0.6,106
22,4140,1.0161269192307847,0.6,111
22,4145,1.0161269192307847,0.6,116
22,4150,1.0161269192307847,0.6,121
22,4155,1.0161269192307847,0.6,126
22,4160,1.0161269192307847,0.6,131
22,4165,1.0161269192307847,0.6,136
22,4170,1.0161269192307847,0.6,141
22,4175,1.0161269192307847,0.6,146
22,4180,1.0161269192307847,0.6,151
22,4185,1.0161269192307847,0.6,156
22,4190,1.0161269192307847,0.6,161
22,4195,1.0161269192307847,0.6,166
22,4200,1.0161269192307847,0.6,171
22,4205,1.0161269192307847,0.6,176
22,4210,1.0161269192307847,0.6,181
22,4215,1.0161269192307847,0.6,186
22,4220,1.0161269192307847,0.6,191
23,4225,1.0175377083243917,0.6,2
23,4230,1.0175377083243917,0.6,7
23,4235,1.0175377083243917,0.6,12
23,4240,1.0175377083243917,0.6,17
23,4245,1.0175377083243917,0.6,22
23,4250,1.0175377083243917,0.6,27
23,4255,1.0175377083243917,0.6,32
23,4260,1.0175377083243917,0.6,37
23,4265,1.0175377083243917,0.6,42
23,4270,1.0175377083243917,0.6,47
23,4275,1.0175377083243917,0.6,52
23,4280,1.0175377083243917,0.6,57
23,4285,1.0175377083243917,0.6,62
23,4290,1.0175377083243917,0.6,67
23,4295,1.0175377083243917,0.6,72
23,4300,1.0175377083243917,0.6,77
23,4305,1.0175377083243917,0.6,82
23,4310,1.0175377083243917,0.6,87
23,4315,1.0175377083243917,0.6,92
23,4320,1.0175377083243917,0.6,97
23,4325,1.0175377083243917,0.6,102
23,4330,1.0175377083243917,0.6,107
23,4335,1.0175377083243917,0.6,112
23,4340,1.0175377083243917,0.6,117
23,4345,1.0175377083243917,0.6,122
23,4350,1.0175377083243917,0.6,127
23,4355,1.0175377083243917,0.6,132
23,4360,1.0175377083243917,0.6,137
23,4365,1.0175377083243917,0.6,142
23,4370,1.0175377083243917,0.6,147
23,4375,1.0175377083243917,0.6,152
23,4380,1.0175377083243917,0.6,157
23,4385,1.0175377083243917,0.6,162
23,4390,1.0175377083243917,0.6,167
23,4395,1.0175377083243917,0.6,172
23,4400,1.0175377083243917,0.6,177
23,4405,1.0175377083243917,0.6,182
23,4410,1.0175377083243917,0.6,187
24,4415,1.0276810221571013,0.55,5
24,4420,1.0276810221571013,0.55,10
24,4425,1.0276810221571013,0.55,15
24,4430,1.0276810221571013,0.55,20
24,4435,1.0276810221571013,0.55,25
24,4440,1.0276810221571013,0.55,30
24,4445,1.0276810221571013,0.55,35
24,4450,1.0276810221571013,0.55,40
24,4455,1.0276810221571013,0.55,45
24,4460,1.0276810221571013,0.55,50
24,4465,1.0276810221571013,0.55,55
24,4470,1.0276810221571013,0.55,60
24,4475,1.0276810221571013,0.55,65
24,4480,1.0276810221571013,0.55,70
24,4485,1.0276810221571013,0.55,75
24,4490,1.0276810221571013,0.55,80
24,4495,1.0276810221571013,0.55,85
24,4500,1.0276810221571013,0.55,90
24,4505,1.0276810221571013,0.55,95
24,4510,1.0276810221571013,0.55,100
24,4515,1.0276810221571013,0.55,105
24,4520,1.0276810221571013,0.55,110
24,4525,1.0276810221571013,0.55,115
24,4530,1.0276810221571013,0.55,120
24,4535,1.0276810221571013,0.55,125
24,4540,1.0276810221571013,0.55,130
24,4545,1.0276810221571013,0.55,135
24,4550,1.0276810221571013,0.55,140
24,4555,1.0276810221571013,0.55,145
24,4560,1.0276810221571013,0.55,150
24,4565,1.0276810221571013,0.55,155
24,4570,1.0276810221571013,0.55,160
24,4575,1.0276810221571013,0.55,165
24,4580,1.0276810221571013,0.55,170
24,4585,1.0276810221571013,0.55,175
24,4590,1.0276810221571013,0.55,180
24,4595,1.0276810221571013,0.55,185
24,4600,1.0276810221571013,0.55,190
24,4605,1.0276810221571013,0.55,195
24,4610,1.0276810221571013,0.55,200
24,4615,1.0276810221571013,0.55,205
24,4620,1.0276810221571013,0.55,210
25,4625,1.0203419705482493,0.55,2
25,4630,1.0203419705482493,0.55,7
25,4635,1.0203419705482493,0.55,12
25,4640,1.0203419705482493,0.55,17
25,4645,1.0203419705482493,0.55,22
25,4650,1.0203419705482493,0.55,27
25,4655,1.0203419705482493,0.55,32
25,4660,1.0203419705482493,0.55,37
25,4665,1.0203419705482493,0.55,42
25,4670,1.0203419705482493,0.55,47
25,4675,1.0203419705482493,0.55,52
25,4680,1.0203419705482493,0.55,57
25,4685,1.0203419705482493,0.55,62
25,4690,1.0203419705482493,0.55,67
25,4695,1.0203419705482493,0.55,72
25,4700,1.0203419705482493,0.55,77
25,4705,1.0203419705482493,0.55,82
25,4710,1.0203419705482493,0.55,87
25,4715,1.0203419705482493,0.55,92
25,4720,1.0203419705482493,0.55,97
25,4725,1.0203419705482493,0.55,102
25,4730,1.0203419705482493,0.55,107
25,4735,1.0203419705482493,0.55,112
25,4740,1.0203419705482493,0.55,117
25,4745,1.0203419705482493,0.55,122
25,4750,1.0203419705482493,0.55,127
25,4755,1.0203419705482493,0.55,132
25,4760,1.0203419705482493,0.55,137
25,4765,1.0203419705482493,0.55,142
25,4770,1.0203419705482493,0.55,147
25,4775,1.0203419705482493,0.55,152
25,4780,1.0203419705482493,0.55,157
25,4785,1.0203419705482493,0.55,162
25,4790,1.0203419705482493,0.55,167
25,4795,1.0203419705482493,0.55,172
25,4800,1.0203419705482493,0.55,177
25,4805,1.0203419705482493,0.55,182
25,4810,1.0203419705482493,0.55,187
25,4815,1.0203419705482493,0.55,192
25,4820,1.0203419705482493,0.55,197
25,4825,1.0203419705482493,0.55,202
25,4830,1.0203419705482493,0.55,207
25,4835,1.0203419705482493,0.55,212
25,4840,1.0203419705482493,0.55,217
25,4845,1.0203419705482493,0.55,222
26,4850,1.0209699818863596,0.55,2
26,4855,1.0209699818863596,0.55,7
26,4860,1.0209699818863596,0.55,12
26,4865,1.0209699818863596,0.55,17
26,4870,1.0209699818863596,0.55,22
26,4875,1.0209699818863596,0.55,27
26,4880,1.0209699818863596,0.55,32
26,4885,1.0209699818863596,0.55,37
26,4890,1.0209699818863596,0.55,42
26,4895,1.0209699818863596,0.55,47
26,4900,1.0209699818863596,0.55,52
26,4905,1.0209699818863596,0.55,57
26,4910,1.0209699818863596,0.55,62
26,4915,1.0209699818863596,0.55,67
26,4920,1.0209699818863596,0.55,72
26,4925,1.0209699818863596,0.55,77
26,4930,1.0209699818863596,0.55,82
26,4935,1.0209699818863596,0.55,87
26,4940,1.0209699818863596,0.55,92
26,4945,1.0209699818863596,0.55,97
26,4950,1.0209699818863596,0.55,102
26,4955,1.0209699818863596,0.55,107
26,4960,1.0209699818863596,0.55,112
26,4965,1.0209699818863596,0.55,117
26,4970,1.0209699818863596,0.55,122
26,4975,1.0209699818863596,0.55,127
26,4980,1.0209699818863596,0.55,132
26,4985,1.0209699818863596,0.55,137
26,4990,1.0209699818863596,0.55,142
26,4995,1.0209699818863596,0.55,147
26,5000,1.0209699818863596,0.55,152
26,5005,1.0209699818863596,0.55,157
26,5010,1.0209699818863596,0.55,162
26,5015,1.0209699818863596,0.55,167
26,5020,1.0209699818863596,0.55,172
26,5025,1.0209699818863596,0.55,177
26,5030,1.0209699818863596,0.55,182
26,5035,1.0209699818863596,0.55,187
26,5040,1.0209699818863596,0.55,192
26,5045,1.0209699818863596,0.55,197
26,5050,1.0209699818863596,0.55,202
26,5055,1.0209699818863596,0.55,207
26,5060,1.0209699818863596,0.55,212
26,5065,1.0209699818863596,0.55,217
26,5070,1.0209699818863596,0.55,222
26,5075,1.0209699818863596,0.55,227
27,5080,1.020463936937435,0.5,4
27,5085,1.020463936937435,0.5,9
27,5090,1.020463936937435,0.5,14
27,5095,1.020463936937435,0.5,19
27,5100,1.020463936937435,0.5,24
27,5105,1.020463936937435,0.5,29
27,5110,1.020463936937435,0.5,34
27,5115,1.020463936937435,0.5,39
27,5120,1.020463936937435,0.5,44
27,5125,1.020463936937435,0.5,49
27,5130,1.020463936937435,0.5,54
27,5135,1.020463936937435,0.5,59
27,5140,1.020463936937435,0.5,64
27,5145,1.020463936937435,0.5,69
27,5150,1.020463936937435,0.5,74
27,5155,1.020463936937435,0.5,79
27,5160,1.020463936937435,0.5,84
27,5165,1.020463936937435,0.5,89
27,5170,1.020463936937435,0.5,94
27,5175,1.020463936937435,0.5,99
27,5180,1.020463936937435,0.5,104
27,5185,1.020463936937435,0.5,109
27,5190,1.020463936937435,0.5,114
27,5195,1.020463936937435,0.5,119
27,5200,1.020463936937435,0.5,124
27,5205,1.020463936937435,0.5,129
27,5210,1.020463936937435,0.5,134
27,5215,1.020463936937435,0.5,139
27,5220,1.020463936937435,0.5,144
27,5225,1.020463936937435,0.5,149
27,5230,1.020463936937435,0.5,154
27,5235,1.020463936937435,0.5,159
27,5240,1.020463936937435,0.5,164
27,5245,1.020463936937435,0.5,169
27,5250,1.020463936937435,0.5,174
27,5255,1.020463936937435,0.5,179
27,5260,1.020463936937435,0.5,184
27,5265,1.020463936937435,0.5,189
28,5270,1.9645190811803417,0.55,3
28,5275,1.9645190811803417,0.55,8
28,5280,1.9645190811803417,0.55,13
28,5285,1.9645190811803417,0.55,18
28,5290,1.9645190811803417,0.55,23
28,5295,1.9645190811803417,0.55,28
28,5300,1.9645190811803417,0.55,33
28,5305,1.9645190811803417,0.55,38
28,5310,1.9645190811803417,0.55,43
28,5315,1.9645190811803417,0.55,48
28,5320,1.9645190811803417,0.55,53
28,5325,1.9645190811803417,0.55,58
28,5330,1.9645190811803417,0.55,63
28,5335,1.9645190811803417,0.55,68
28,5340,1.9645190811803417,0.55,73
28,5345,1.9645190811803417,0.55,78
28,5350,1.9645190811803417,0.55,83
28,5355,1.9645190811803417,0.55,88
28,5360,1.9645190811803417,0.55,93
28,5365,1.9645190811803417,0.55,98
28,5370,1.9645190811803417,0.55,103
28,5375,1.9645190811803417,0.55,108
28,5380,1.9645190811803417,0.55,113
28,5385,1.9645190811803417,0.55,118
28,5390,1.9645190811803417,0.55,123
28,5395,1.9645190811803417,0.55,128
28,5400,1.9645190811803417,0.55,133
28,5405,1.9645190811803417,0.55,138
28,5410,1.9645190811803417,0.55,143
28,5415,1.9645190811803417,0.55,148
28,5420,1.9645190811803417,0.55,153
28,5425,1.9645190811803417,0.55,158
28,5430,1.9645190811803417,0.55,163
28,5435,1.9645190811803417,0.55,168
28,5440,1.9645190811803417,0.55,173
28,5445,1.9645190811803417,0.55,178
28,5450,1.9645190811803417,0.55,183
28,5455,1.9645190811803417,0.55,188
28,5460,1.9645190811803417,0.55,193
28,5465,1.9645190811803417,0.55,198
28,5470,1.9645190811803417,0.55,203
28,5475,1.9645190811803417,0.55,208
29,5480,1.0212335193092081,0.55,1
29,5485,1.0212335193092081,0.55,6
29,5490,1.0212335193092081,0.55,11
29,5495,1.0212335193092081,0.55,16
29,5500,1.0212335193092081,0.55,21
29,5505,1.0212335193092081,0.55,26
29,5510,1.0212335193092081,0.55,31
29,5515,1.0212335193092081,0.55,36
29,5520,1.0212335193092081,0.55,41
29,5525,1.0212335193092081,0.55,46
29,5530,1.0212335193092081,0.55,51
29,5535,1.0212335193092081,0.55,56
29,5540,1.0212335193092081,0.55,61
29,5545,1.0212335193092081,0.55,66
29,5550,1.0212335193092081,0.55,71
29,5555,1.0212335193092081,0.55,76
29,5560,1.0212335193092081,0.55,81
29,5565,1.0212335193092081,0.55,86
29,5570,1.0212335193092081,0.55,91
29,5575,1.0212335193092081,0.55,96
29,5580,1.0212335193092081,0.55,101
29,5585,1.0212335193092081,0.55,106
29,5590,1.0212335193092081,0.55,111
29,5595,1.0212335193092081,0.55,116
29,5600,1.0212335193092081,0.55,121
29,5605,1.0212335193092081,0.55,126
29,5610,1.0212335193092081,0.55,131
29,5615,1.0212335193092081,0.55,136
29,5620,1.0212335193092081,0.55,141
29,5625,1.0212335193092081,0.55,146
29,5630,1.0212335193092081,0.55,151
29,5635,1.0212335193092081,0.55,156
29,5640,1.0212335193092081,0.55,161
29,5645,1.0212335193092081,0.55,166
29,5650,1.0212335193092081,0.55,171
29,5655,1.0212335193092081,0.55,176
29,5660,1.0212335193092081,0.55,181
29,5665,1.0212335193092081,0.55,186
29,5670,1.0212335193092081,0.55,191
29,5675,1.0212335193092081,0.55,196
29,5680,1.0212335193092081,0.55,201
29,5685,1.0212335193092081,0.55,206
29,5690,1.0212335193092081,0.55,211
29,5695,1.0212335193092081,0.55,216
29,5700,1.0212335193092081,0.55,221
30,5705,1.9632169321235942,0.55,2
30,5710,1.9632169321235942,0.55,7
30,5715,1.9632169321235942,0.55,12
30,5720,1.9632169321235942,0.55,17
30,5725,1.9632169321235942,0.55,22
30,5730,1.9632169321235942,0.55,27
30,5735,1.9632169321235942,0.55,32
30,5740,1.9632169321235942,0.55,37
30,5745,1.9632169321235942,0.55,42
30,5750,1.9632169321235942,0.55,47
30,5755,1.9632169321235942,0.55,52
30,5760,1.9632169321235942,0.55,57
30,5765,1.9632169321235942,0.55,62
30,5770,1.9632169321235942,0.55,67
30,5775,1.9632169321235942,0.55,72
30,5780,1.9632169321235942,0.55,77
30,5785,1.9632169321235942,0.55,82
30,5790,1.9632169321235942,0.55,87
30,5795,1.9632169321235942,0.55,92
30,5800,1.9632169321235942,0.55,97
30,5805,1.9632169321235942,0.55,102
30,5810,1.9632169321235942,0.55,107
30,5815,1.9632169321235942,0.55,112
30,5820,1.9632169321235942,0.55,117
30,5825,1.9632169321235942,0.55,122
30,5830,1.9632169321235942,0.55,127
30,5835,1.9632169321235942,0.55,132
30,5840,1.9632169321235942,0.55,137
30,5845,1.9632169321235942,0.55,142
30,5850,1.9632169321235942,0.55,147
30,5855,1.9632169321235942,0.55,152
30,5860,1.9632169321235942,0.55,157
30,5865,1.9632169321235942,0.55,162
30,5870,1.9632169321235942,0.55,167
30,5875,1.9632169321235942,0.55,172
30,5880,1.9632169321235942,0.55,177
30,5885,1.9632169321235942,0.55,182
30,5890,1.9632169321235942,0.55,187
30,5895,1.9632169321235942,0.55,192
30,5900,1.9632169321235942,0.55,197
30,5905,1.9632169321235942,0.55,202
31,5910,1.0186513349978725,0.55,1
